{"cameraMode":{"drawMode":0,"name":"Shaded","section":"Shading Mode"},"sceneLighting":true,"audioPlay":false,"sceneViewState":{"m_AlwaysRefresh":false,"showFog":true,"showSkybox":true,"showFlares":true,"showImageEffects":true,"showParticleSystems":true,"showVisualEffectGraphs":true,"m_FxEnabled":true},"in2DMode":false,"pivot":{"x":-1.1522023677825928,"y":0.7729454636573792,"z":-48.11369323730469},"rotation":{"x":0.5971464514732361,"y":0.021169722080230714,"z":-0.015768306329846383,"w":0.8016982078552246},"size":80.85892486572266,"orthographic":true}